First Name;Last Name;Mailbox
Peter;Pan;peter.pan@domain.com
Eva;Müller;e.mueller@domain.com
Mike;Schmidt;mike.schmidt@domain.com
Bernd;Brot;brot@domain.com
Test;User;test@test.de
Test 2;User;test2@sub.test.de
Test 3;User;test3@sub.test.de
Test 4;User;test4@test.de
Test 5;User;test5@sub2.test.de